{
    "test_accuracy": 0.896551724137931,
    "weighted_f1": 0.8968837442402295,
    "macro_precision": 0.8360227635429911
}