{
    "test_accuracy": 0.8382877526753865,
    "weighted_f1": 0.8331775842266237,
    "macro_precision": 0.7973199794369149
}