{
    "test_accuracy": 0.8953626634958383,
    "weighted_f1": 0.8957531254486634,
    "macro_precision": 0.8372001292225246
}